{
    "_id": 1,
    "Address": "1913 Hanoi Way",
    "City": "Sasebo",
    "Country": "Japan",
    "District": "Nagasaki",
    "First Name": "MARY",
    "Last Name": "SMITH",
    "Phone": "28303384290",
    "Rentals": [
      {
        "Film Title": "MUSKETEERS WAIT",
        "Payments": [
          {
            "Amount": 5.989999771118164,
            "Payment Date": "2005-06-15 00:54:12.0",
            "Payment Id": 3
          }
        ],
        "Rental Date": "2005-06-15 00:54:12.0",
        "Return Date": "2005-06-23 02:42:12.0",
        "filmId": 611,
        "rentalId": 1185,
        "staffId": 2
      },
      {
        "Film Title": "FERRIS MOTHER",
        "Payments": [
          {
            "Amount": 9.989999771118164,
            "Payment Date": "2005-06-15 21:08:46.0",
            "Payment Id": 5
          }
        ],
        "Rental Date": "2005-06-15 21:08:46.0",
        "Return Date": "2005-06-25 02:26:46.0",
        "filmId": 308,
        "rentalId": 1476,
        "staffId": 1
      },
      {
        "Film Title": "CLOSER BANG",
        "Payments": [
          {
            "Amount": 4.989999771118164,
            "Payment Date": "2005-06-16 15:18:57.0",
            "Payment Id": 6
          }
        ],
        "Rental Date": "2005-06-16 15:18:57.0",
        "Return Date": "2005-06-17 21:05:57.0",
        "filmId": 159,
        "rentalId": 1725,
        "staffId": 1
      },
      {
        "Film Title": "ATTACKS HATE",
        "Payments": [
          {
            "Amount": 4.989999771118164,
            "Payment Date": "2005-06-18 08:41:48.0",
            "Payment Id": 7
          }
        ],
        "Rental Date": "2005-06-18 08:41:48.0",
        "Return Date": "2005-06-22 03:36:48.0",
        "filmId": 44,
        "rentalId": 2308,
        "staffId": 2
      },
      {
        "Film Title": "SAVANNAH TOWN",
        "Payments": [
          {
            "Amount": 0.9900000095367432,
            "Payment Date": "2005-06-18 13:33:59.0",
            "Payment Id": 8
          }
        ],
        "Rental Date": "2005-06-18 13:33:59.0",
        "Return Date": "2005-06-19 17:40:59.0",
        "filmId": 766,
        "rentalId": 2363,
        "staffId": 1
      },
      {
        "Film Title": "YOUTH KICK",
        "Payments": [
          {
            "Amount": 3.990000009536743,
            "Payment Date": "2005-06-21 06:24:45.0",
            "Payment Id": 9
          }
        ],
        "Rental Date": "2005-06-21 06:24:45.0",
        "Return Date": "2005-06-28 03:28:45.0",
        "filmId": 997,
        "rentalId": 3284,
        "staffId": 1
      },
      {
        "Film Title": "SATURDAY LAMBS",
        "Payments": [
          {
            "Amount": 5.989999771118164,
            "Payment Date": "2005-07-08 07:33:56.0",
            "Payment Id": 11
          }
        ],
        "Rental Date": "2005-07-08 07:33:56.0",
        "Return Date": "2005-07-12 13:25:56.0",
        "filmId": 764,
        "rentalId": 4611,
        "staffId": 2
      },
      {
        "Film Title": "CONFIDENTIAL INTERVIEW",
        "Payments": [
          {
            "Amount": 4.989999771118164,
            "Payment Date": "2005-07-09 16:38:01.0",
            "Payment Id": 13
          }
        ],
        "Rental Date": "2005-07-09 16:38:01.0",
        "Return Date": "2005-07-13 18:02:01.0",
        "filmId": 174,
        "rentalId": 5326,
        "staffId": 1
      },
      {
        "Film Title": "EXPECATIONS NATURAL",
        "Payments": [
          {
            "Amount": 7.989999771118164,
            "Payment Date": "2005-07-11 10:13:46.0",
            "Payment Id": 14
          }
        ],
        "Rental Date": "2005-07-11 10:13:46.0",
        "Return Date": "2005-07-19 13:15:46.0",
        "filmId": 294,
        "rentalId": 6163,
        "staffId": 2
      },
      {
        "Film Title": "LUCK OPUS",
        "Payments": [
          {
            "Amount": 2.990000009536743,
            "Payment Date": "2005-07-27 11:31:22.0",
            "Payment Id": 15
          }
        ],
        "Rental Date": "2005-07-27 11:31:22.0",
        "Return Date": "2005-07-31 06:50:22.0",
        "filmId": 539,
        "rentalId": 7273,
        "staffId": 1
      },
      {
        "Film Title": "USUAL UNTOUCHABLES",
        "Payments": [
          {
            "Amount": 4.989999771118164,
            "Payment Date": "2005-07-28 16:18:23.0",
            "Payment Id": 17
          }
        ],
        "Rental Date": "2005-07-28 16:18:23.0",
        "Return Date": "2005-07-30 17:56:23.0",
        "filmId": 929,
        "rentalId": 8033,
        "staffId": 1
      },
      {
        "Film Title": "WOMEN DORADO",
        "Payments": [
          {
            "Amount": 0.9900000095367432,
            "Payment Date": "2005-07-28 19:20:07.0",
            "Payment Id": 19
          }
        ],
        "Rental Date": "2005-07-28 19:20:07.0",
        "Return Date": "2005-07-29 22:54:07.0",
        "filmId": 982,
        "rentalId": 8116,
        "staffId": 1
      },
      {
        "Film Title": "AMISTAD MIDSUMMER",
        "Payments": [
          {
            "Amount": 2.990000009536743,
            "Payment Date": "2005-07-29 03:58:49.0",
            "Payment Id": 20
          }
        ],
        "Rental Date": "2005-07-29 03:58:49.0",
        "Return Date": "2005-08-01 05:16:49.0",
        "filmId": 22,
        "rentalId": 8326,
        "staffId": 2
      },
      {
        "Film Title": "JEEPERS WEDDING",
        "Payments": [
          {
            "Amount": 2.990000009536743,
            "Payment Date": "2005-07-31 02:42:18.0",
            "Payment Id": 21
          }
        ],
        "Rental Date": "2005-07-31 02:42:18.0",
        "Return Date": "2005-08-02 23:26:18.0",
        "filmId": 480,
        "rentalId": 9571,
        "staffId": 2
      },
      {
        "Film Title": "MINDS TRUMAN",
        "Payments": [
          {
            "Amount": 4.989999771118164,
            "Payment Date": "2005-08-17 12:37:54.0",
            "Payment Id": 25
          }
        ],
        "Rental Date": "2005-08-17 12:37:54.0",
        "Return Date": "2005-08-19 10:11:54.0",
        "filmId": 579,
        "rentalId": 11824,
        "staffId": 2
      },
      {
        "Film Title": "PATIENT SISTER",
        "Payments": [
          {
            "Amount": 0.9900000095367432,
            "Payment Date": "2005-08-19 09:55:16.0",
            "Payment Id": 27
          }
        ],
        "Rental Date": "2005-08-19 09:55:16.0",
        "Return Date": "2005-08-20 14:44:16.0",
        "filmId": 663,
        "rentalId": 13068,
        "staffId": 2
      },
      {
        "Film Title": "JUMANJI BLADE",
        "Payments": [
          {
            "Amount": 2.990000009536743,
            "Payment Date": "2005-08-19 13:56:54.0",
            "Payment Id": 28
          }
        ],
        "Rental Date": "2005-08-19 13:56:54.0",
        "Return Date": "2005-08-23 08:50:54.0",
        "filmId": 490,
        "rentalId": 13176,
        "staffId": 2
      },
      {
        "Film Title": "UNFORGIVEN ZOOLANDER",
        "Payments": [
          {
            "Amount": 0.9900000095367432,
            "Payment Date": "2005-08-21 23:33:57.0",
            "Payment Id": 29
          }
        ],
        "Rental Date": "2005-08-21 23:33:57.0",
        "Return Date": "2005-08-23 01:30:57.0",
        "filmId": 924,
        "rentalId": 14762,
        "staffId": 1
      },
      {
        "Film Title": "FIREBALL PHILADELPHIA",
        "Payments": [
          {
            "Amount": 2.990000009536743,
            "Payment Date": "2005-08-22 19:41:37.0",
            "Payment Id": 31
          }
        ],
        "Rental Date": "2005-08-22 19:41:37.0",
        "Return Date": "2005-08-28 22:49:37.0",
        "filmId": 317,
        "rentalId": 15298,
        "staffId": 1
      },
      {
        "Film Title": "BIKINI BORROWERS",
        "Payments": [
          {
            "Amount": 5.989999771118164,
            "Payment Date": "2005-08-22 20:03:46.0",
            "Payment Id": 32
          }
        ],
        "Rental Date": "2005-08-22 20:03:46.0",
        "Return Date": "2005-08-30 01:51:46.0",
        "filmId": 70,
        "rentalId": 15315,
        "staffId": 2
      },
      {
        "Film Title": "PATIENT SISTER",
        "Payments": [
          {
            "Amount": 2.990000009536743,
            "Payment Date": "2005-05-25 11:30:37.0",
            "Payment Id": 1
          }
        ],
        "Rental Date": "2005-05-25 11:30:37.0",
        "Return Date": "2005-06-03 12:00:37.0",
        "filmId": 663,
        "rentalId": 76,
        "staffId": 2
      },
      {
        "Film Title": "TALENTED HOMICIDE",
        "Payments": [
          {
            "Amount": 0.9900000095367432,
            "Payment Date": "2005-05-28 10:35:23.0",
            "Payment Id": 2
          }
        ],
        "Rental Date": "2005-05-28 10:35:23.0",
        "Return Date": "2005-06-03 06:32:23.0",
        "filmId": 875,
        "rentalId": 573,
        "staffId": 1
      },
      {
        "Film Title": "DETECTIVE VISION",
        "Payments": [
          {
            "Amount": 0.9900000095367432,
            "Payment Date": "2005-06-15 18:02:53.0",
            "Payment Id": 4
          }
        ],
        "Rental Date": "2005-06-15 18:02:53.0",
        "Return Date": "2005-06-19 15:54:53.0",
        "filmId": 228,
        "rentalId": 1422,
        "staffId": 2
      },
      {
        "Film Title": "FIRE WOLVES",
        "Payments": [
          {
            "Amount": 5.989999771118164,
            "Payment Date": "2005-07-08 03:17:05.0",
            "Payment Id": 10
          }
        ],
        "Rental Date": "2005-07-08 03:17:05.0",
        "Return Date": "2005-07-14 01:19:05.0",
        "filmId": 316,
        "rentalId": 4526,
        "staffId": 2
      },
      {
        "Film Title": "SNATCH SLIPPER",
        "Payments": [
          {
            "Amount": 4.989999771118164,
            "Payment Date": "2005-07-09 13:24:07.0",
            "Payment Id": 12
          }
        ],
        "Rental Date": "2005-07-09 13:24:07.0",
        "Return Date": "2005-07-14 14:01:07.0",
        "filmId": 814,
        "rentalId": 5244,
        "staffId": 2
      },
      {
        "Film Title": "DOORS PRESIDENT",
        "Payments": [
          {
            "Amount": 4.989999771118164,
            "Payment Date": "2005-07-28 09:04:45.0",
            "Payment Id": 16
          }
        ],
        "Rental Date": "2005-07-28 09:04:45.0",
        "Return Date": "2005-07-30 12:37:45.0",
        "filmId": 243,
        "rentalId": 7841,
        "staffId": 2
      },
      {
        "Film Title": "FROST HEAD",
        "Payments": [
          {
            "Amount": 0.9900000095367432,
            "Payment Date": "2005-07-28 17:33:39.0",
            "Payment Id": 18
          }
        ],
        "Rental Date": "2005-07-28 17:33:39.0",
        "Return Date": "2005-07-29 20:17:39.0",
        "filmId": 341,
        "rentalId": 8074,
        "staffId": 1
      },
      {
        "Film Title": "ADAPTATION HOLES",
        "Payments": [
          {
            "Amount": 4.989999771118164,
            "Payment Date": "2005-08-01 08:51:04.0",
            "Payment Id": 22
          }
        ],
        "Rental Date": "2005-08-01 08:51:04.0",
        "Return Date": "2005-08-10 12:12:04.0",
        "filmId": 3,
        "rentalId": 10437,
        "staffId": 1
      },
      {
        "Film Title": "RACER EGG",
        "Payments": [
          {
            "Amount": 3.990000009536743,
            "Payment Date": "2005-08-02 15:36:52.0",
            "Payment Id": 23
          }
        ],
        "Rental Date": "2005-08-02 15:36:52.0",
        "Return Date": "2005-08-10 16:40:52.0",
        "filmId": 709,
        "rentalId": 11299,
        "staffId": 2
      },
      {
        "Film Title": "FINDING ANACONDA",
        "Payments": [
          {
            "Amount": 0.9900000095367432,
            "Payment Date": "2005-08-02 18:01:38.0",
            "Payment Id": 24
          }
        ],
        "Rental Date": "2005-08-02 18:01:38.0",
        "Return Date": "2005-08-04 13:19:38.0",
        "filmId": 315,
        "rentalId": 11367,
        "staffId": 1
      },
      {
        "Film Title": "DALMATIONS SWEDEN",
        "Payments": [
          {
            "Amount": 0.9900000095367432,
            "Payment Date": "2005-08-18 03:57:29.0",
            "Payment Id": 26
          }
        ],
        "Rental Date": "2005-08-18 03:57:29.0",
        "Return Date": "2005-08-22 23:05:29.0",
        "filmId": 204,
        "rentalId": 12250,
        "staffId": 1
      },
      {
        "Film Title": "FIREBALL PHILADELPHIA",
        "Payments": [
          {
            "Amount": 1.9900000095367432,
            "Payment Date": "2005-08-22 01:27:57.0",
            "Payment Id": 30
          }
        ],
        "Rental Date": "2005-08-22 01:27:57.0",
        "Return Date": "2005-08-27 07:01:57.0",
        "filmId": 317,
        "rentalId": 14825,
        "staffId": 2
      }
    ]
  }
    